-- phpMyAdmin SQL Dump
-- version 4.7.1
-- https://www.phpmyadmin.net/
--
-- Host: localhost
-- Generation Time: Aug 21, 2025 at 04:43 AM
-- Server version: 5.6.19-log
-- PHP Version: 5.5.14

SET SQL_MODE = "NO_AUTO_VALUE_ON_ZERO";
SET AUTOCOMMIT = 0;
START TRANSACTION;
SET time_zone = "+00:00";


/*!40101 SET @OLD_CHARACTER_SET_CLIENT=@@CHARACTER_SET_CLIENT */;
/*!40101 SET @OLD_CHARACTER_SET_RESULTS=@@CHARACTER_SET_RESULTS */;
/*!40101 SET @OLD_COLLATION_CONNECTION=@@COLLATION_CONNECTION */;
/*!40101 SET NAMES utf8mb4 */;

--
-- Database: `db_manager`
--

-- --------------------------------------------------------

--
-- Table structure for table `algorithms`
--

CREATE TABLE `algorithms` (
  `id_algorithm` int(11) NOT NULL,
  `alg_offset` int(2) NOT NULL DEFAULT '0',
  `del_from_source` int(1) NOT NULL DEFAULT '0',
  `beg_limit_set` varchar(255) CHARACTER SET utf8 COLLATE utf8_bin NOT NULL DEFAULT '',
  `beg_number` int(3) NOT NULL DEFAULT '0',
  `beg_inc` int(1) NOT NULL DEFAULT '0',
  `beg_scr` int(1) NOT NULL DEFAULT '0',
  `inner_limit_set` varchar(255) CHARACTER SET utf8 COLLATE utf8_bin NOT NULL DEFAULT '',
  `end_limit_set` varchar(255) CHARACTER SET utf8 COLLATE utf8_bin NOT NULL DEFAULT '',
  `end_number` int(3) NOT NULL DEFAULT '0',
  `end_inc` int(1) NOT NULL DEFAULT '0',
  `end_scr` int(1) NOT NULL DEFAULT '0',
  `del_symbols` varchar(255) CHARACTER SET utf8 COLLATE utf8_bin NOT NULL DEFAULT '',
  `ins_symbols` varchar(255) CHARACTER SET utf8 COLLATE utf8_bin NOT NULL DEFAULT '',
  `field_only` int(1) NOT NULL DEFAULT '0',
  `reg_expression` varchar(255) CHARACTER SET utf8 COLLATE utf8_bin NOT NULL DEFAULT '',
  `reg_scr` int(1) NOT NULL DEFAULT '0',
  `alg_remarks` varchar(255) CHARACTER SET utf8 COLLATE utf8_bin NOT NULL DEFAULT 'New algorithm'
) ENGINE=InnoDB DEFAULT CHARSET=utf8;

--
-- Dumping data for table `algorithms`
--

INSERT INTO `algorithms` (`id_algorithm`, `alg_offset`, `del_from_source`, `beg_limit_set`, `beg_number`, `beg_inc`, `beg_scr`, `inner_limit_set`, `end_limit_set`, `end_number`, `end_inc`, `end_scr`, `del_symbols`, `ins_symbols`, `field_only`, `reg_expression`, `reg_scr`, `alg_remarks`) VALUES
(1, 1, 0, 'Serii', 0, 0, 0, '', '   -- ', 0, 0, 0, '', '', 0, '', 0, 'Series'),
(2, 0, 1, '', 0, 0, 0, ', ', '. | - | .|-|.| -| — ', 0, 0, 1, '', '', 0, '', 0, 'Authors'),
(3, 0, 0, '', 0, 0, 0, '', '', 0, 0, 0, '', '', 0, '', 0, 'Title'),
(4, 4, 0, 'Serii', 0, 0, 0, '', '   -- ', 0, 0, 0, '', '', 0, '', 0, 'Series'),
(5, 2, 0, '', 0, 0, 0, '', ' [', 0, 0, 0, '', '', 0, '', 0, 'Series'),
(6, 2, 0, '[', 0, 0, 0, '', ']', 0, 0, 0, '', '', 0, '', 0, 'Series'),
(7, 1, 0, '. ', 2, 0, 0, '', '', 0, 0, 0, '', '', 0, '', 0, 'Title'),
(8, 1, 1, '', 0, 0, 0, '. ', '. ', 2, 0, 1, '', '', 0, '', 0, 'Authors'),
(9, 3, 0, 'Serii', 0, 0, 0, '', '   -- ', 0, 0, 0, '', '', 0, '', 0, 'Series'),
(10, 1, 0, '', 0, 0, 0, '', ' [|[', 0, 0, 0, '', '', 0, '', 0, 'Series'),
(11, 1, 0, '[|«', 0, 0, 0, '', ']|»', 0, 0, 0, '', '', 0, '', 0, 'Series'),
(12, 0, 1, '', 0, 0, 0, '', '.', 0, 0, 1, '', '', 0, '', 0, 'Authors'),
(13, 4, 0, 'Serii', 0, 0, 0, '', '   -- ', 0, 0, 0, '', '', 0, '', 0, 'Series'),
(14, 2, 0, '', 0, 0, 0, '', ' [', 0, 0, 0, '', '', 0, '', 0, 'Series'),
(15, 1, 1, '. ', 2, 0, 0, '', '', 0, 0, 1, '', '', 0, '', 0, 'Title'),
(16, 0, 0, '. Книга ', 0, 0, 0, '', '', 0, 0, 0, '', '', 0, '', 0, 'Volume'),
(17, 1, 1, '', 0, 0, 0, '', '. ', 0, 0, 1, '', '', 0, '', 1, 'Authors'),
(19, 0, 0, ' ', 0, 0, 1, '', '', 0, 0, 0, '', '', 0, '', 0, 'Title'),
(20, 2, 0, '«', 0, 0, 1, '', '»', 0, 0, 0, '', '', 0, '', 0, 'Series'),
(21, 1, 0, '', 0, 0, 0, '', '', 0, 0, 0, '', '', 0, '', 0, 'Themes'),
(22, 1, 0, '', 0, 0, 0, '', '', 0, 0, 0, '', '', 0, '', 0, 'Publishing'),
(23, 0, 0, '', 0, 0, 0, '', '', 0, 0, 0, '_|- |text', ' ||', 0, '', 0, 'Title'),
(24, 0, 1, '', 0, 0, 0, '', '', 0, 0, 0, '', '', 0, '/\\d{4}/', 1, 'IssueYear'),
(25, 0, 0, '', 0, 0, 0, '', '- |_', 0, 0, 0, '', '', 0, '', 0, 'Authors'),
(26, 0, 1, 'tom', 0, 0, 1, '', '_', 0, 0, 1, '_', '', 1, '', 1, 'Volume');

-- --------------------------------------------------------

--
-- Table structure for table `coding_table`
--

CREATE TABLE `coding_table` (
  `id_coding` int(2) NOT NULL,
  `coding_name` varchar(255) CHARACTER SET utf8 COLLATE utf8_bin DEFAULT NULL
) ENGINE=InnoDB DEFAULT CHARSET=utf8;

--
-- Dumping data for table `coding_table`
--

INSERT INTO `coding_table` (`id_coding`, `coding_name`) VALUES
(1, 'ASCII'),
(2, 'New coding');

-- --------------------------------------------------------

--
-- Table structure for table `db_list`
--

CREATE TABLE `db_list` (
  `db_id` int(2) NOT NULL,
  `db_name` varchar(31) CHARACTER SET utf8 COLLATE utf8_bin DEFAULT NULL,
  `db_coding` varchar(31) CHARACTER SET utf8 COLLATE utf8_bin NOT NULL,
  `db_comment` varchar(255) CHARACTER SET utf8 COLLATE utf8_bin NOT NULL
) ENGINE=InnoDB DEFAULT CHARSET=utf8;

--
-- Dumping data for table `db_list`
--

INSERT INTO `db_list` (`db_id`, `db_name`, `db_coding`, `db_comment`) VALUES
(0, 'db_manager', 'utf8', 'system DB'),
(1, 'literature', 'utf8', 'literature'),
(2, 'phys_math_contents', 'utf8', 'phys_math_contents'),
(4, 'trees', '', 'trees');

-- --------------------------------------------------------

--
-- Table structure for table `db_s_configs`
--

CREATE TABLE `db_s_configs` (
  `config_name` varchar(31) CHARACTER SET utf8 COLLATE utf8_bin NOT NULL,
  `config_value` varchar(255) CHARACTER SET utf8 COLLATE utf8_bin NOT NULL,
  `config_type` int(1) NOT NULL DEFAULT '0',
  `config_description` varchar(255) CHARACTER SET utf8 COLLATE utf8_bin NOT NULL
) ENGINE=InnoDB DEFAULT CHARSET=utf8;

--
-- Dumping data for table `db_s_configs`
--

INSERT INTO `db_s_configs` (`config_name`, `config_value`, `config_type`, `config_description`) VALUES
('apostrophe_replace', '`', 0, 'Apostrophe replacement symbol'),
('char_group', '19', 1, 'Code to separate of special symbol groups'),
('close_delay', '300', 1, 'Session close delay time (sec)'),
('image_dir', '/images', 0, 'Directory of images'),
('max_table_columns', '12', 1, 'Maximal count of columns in table'),
('number_warning', '10', 1, 'Number of values in warning row'),
('pending_limit', '100', 1, 'Time limit for pending sessions (days)'),
('reminder_interval', '9', 1, 'Time interval for a reminder to close the session (sec)'),
('start_year', '1970', 1, 'System initial year'),
('try_limit', '3', 1, 'Maximum number of login attempts'),
('w_01', '200', 0, 'Size of fields SOURCE FILES and DESTINATION'),
('w_03', '9%', 0, 'Width of placeholder for button USE inside table for upload settings'),
('w_04', '1%', 0, 'Widht of placeholder for button CALL CATALOG inside table for upload settings'),
('w_05', '5%', 0, 'Width of placeholder for catalog code'),
('w_06', '50px', 0, 'Width of catalog code'),
('w_07', '47', 1, 'Size of filter and search criteria'),
('w_08', '25', 1, 'Width of catalog value'),
('w_09', '64%', 0, 'Width of list settings pad');

-- --------------------------------------------------------

--
-- Table structure for table `interface_special_texts`
--

CREATE TABLE `interface_special_texts` (
  `special_type` varchar(255) CHARACTER SET utf8 COLLATE utf8_bin NOT NULL,
  `special_numbers` varchar(255) CHARACTER SET utf8 COLLATE utf8_bin NOT NULL
) ENGINE=InnoDB DEFAULT CHARSET=utf8;

--
-- Dumping data for table `interface_special_texts`
--

INSERT INTO `interface_special_texts` (`special_type`, `special_numbers`) VALUES
('compare_mode', '-449,-69,-450'),
('field_align', '-460,-461,-462'),
('field_types', '384,467,386,387,388,389,390,391,392'),
('field_using', '0,154,155,374,-375,376'),
('group_types', '393,394,395'),
('sort_mode', '393,-63,-64'),
('table_types', '396,397,398,-399,401,374,-615'),
('z_o', '319,320,321,322,323,324,543,569,673,674,667,668,672,244,208,211,212,625,622,190,362,238,243,271');

-- --------------------------------------------------------

--
-- Table structure for table `interface_texts`
--

CREATE TABLE `interface_texts` (
  `id_title` int(6) NOT NULL DEFAULT '0',
  `id_language` int(2) NOT NULL DEFAULT '0',
  `title_text` varchar(255) CHARACTER SET utf8 COLLATE utf8_bin NOT NULL
) ENGINE=InnoDB DEFAULT CHARSET=utf8;

--
-- Dumping data for table `interface_texts`
--

INSERT INTO `interface_texts` (`id_title`, `id_language`, `title_text`) VALUES
(1, 1, 'No connection to data base'),
(1, 2, 'Нет подключения к базе данных'),
(1, 3, ''),
(2, 1, 'You didn`t fill in user name and password'),
(2, 2, 'Вы не заполнили имя пользователя и пароль'),
(2, 3, 'שבכ'),
(3, 1, 'You didn`t fill in user name'),
(3, 2, 'Вы не заполнили имя пользователя'),
(3, 3, 'רת'),
(4, 1, 'You didn`t fill in password'),
(4, 2, 'Вы не заполнили пароль'),
(4, 3, ''),
(5, 1, 'of new user'),
(5, 2, 'нового пользователя'),
(5, 3, 'חלחי'),
(6, 1, 'User name'),
(6, 2, 'Имя пользователя'),
(7, 1, 'User password'),
(7, 2, 'Пароль пользователя'),
(8, 1, 'Exit'),
(8, 2, 'Выход'),
(9, 1, 'You have exceeded maximum number of login attempts'),
(9, 2, 'Превышено максимальное количество попыток авторизации'),
(10, 1, 'Login'),
(10, 2, 'Авторизоваться'),
(11, 1, 'Try'),
(11, 2, 'Попытка'),
(12, 1, 'User list'),
(12, 2, 'Список пользователей'),
(13, 1, 'Registration'),
(13, 2, 'Регистрация'),
(14, 1, 'Trial mode'),
(14, 2, 'Пробный режим'),
(15, 1, 'number of rows per page'),
(15, 2, 'количество строк на странице'),
(16, 1, 'Session completed'),
(16, 2, 'Сеанс завершен'),
(17, 1, 'Adjust the size of page'),
(17, 2, 'Настройка размера страницы'),
(18, 1, 'reduce the number of lines on the pagr by 1'),
(18, 2, 'уменьшить количество строк на странице на 1'),
(19, 1, 'increase the number of lines on the page by 1'),
(19, 2, 'увеличить количество строк на странице на 1'),
(20, 1, 'exit from user list'),
(20, 2, 'выйти из списка пользователей'),
(21, 1, 'Date must have two separators'),
(21, 2, 'Дата должна иметь два разделителя'),
(22, 1, 'Too many date separators'),
(22, 2, 'Слишком много разделителей даты'),
(23, 1, 'Date is empty. Current date assumed.'),
(23, 2, 'Дата не заполнена. Установлена текущая дата.'),
(24, 1, 'Current year assumed.'),
(24, 2, 'Текущий год назначен.'),
(25, 1, 'Januar assumed.'),
(25, 2, 'Январь назначен.'),
(26, 1, 'First day of month assumed.'),
(26, 2, 'Первый день месяца назначен.'),
(27, 1, 'Year'),
(27, 2, 'Год'),
(28, 1, 'Month'),
(28, 2, 'Месяц'),
(29, 1, 'Day'),
(29, 2, 'День'),
(30, 1, 'Save'),
(30, 2, 'Сохранить'),
(31, 1, 'rules for filling field are violated'),
(31, 2, 'нарушены правила заполнения поля'),
(32, 1, 'save the number of rows on the page'),
(32, 2, 'сохранить количество строк на странице'),
(33, 1, 'Case sensitive search'),
(33, 2, 'Зависимый от регистра поиск'),
(34, 1, 'Hide the list when configuring'),
(34, 2, 'Скрывать список при установке настроек'),
(35, 1, 'to start of list'),
(35, 2, 'в начало списка'),
(36, 1, 'to previous page of list'),
(36, 2, 'на предыдущую страницу списка'),
(37, 1, 'to previous row'),
(37, 2, 'на строку вверх'),
(38, 1, 'to next row'),
(38, 2, 'на строку вниз'),
(39, 1, 'to next page of list'),
(39, 2, 'на следующую страницу списка'),
(40, 1, 'to end of list'),
(40, 2, 'в конец списка'),
(41, 1, 'unhide the list settings pad'),
(41, 2, 'показать форму для установки настроек списка'),
(42, 1, 'paste to tree root'),
(42, 2, 'присоединить к корню дерева'),
(43, 1, 'view group content'),
(43, 2, 'смотреть содержимое группы'),
(44, 1, 'select this row to insert from the right catalog'),
(44, 2, 'выбрать эту строку для вставки из правого справочника'),
(45, 1, 'Apply settings'),
(45, 2, 'Применить установки'),
(46, 1, 'hide the content of this item'),
(46, 2, 'скрыть содержание этого пункта'),
(47, 1, 'hide the search view rows'),
(47, 2, 'скрыть изображение найденных строк'),
(48, 1, 'Data base configuration added from site common configuration'),
(48, 2, 'Конфигурация базы данных дополнена из общей конфигурации сайта'),
(49, 1, 'Hide the list settings pad'),
(49, 2, 'Скрыть форму для установки настроек списка'),
(50, 1, 'Rows'),
(50, 2, 'Строк'),
(51, 1, 'total'),
(51, 2, 'всего'),
(52, 1, 'found'),
(52, 2, 'найдено'),
(53, 1, 'Technical work is being carried out on the system tables'),
(53, 2, 'В системных таблицах ведутся технические работы'),
(54, 1, 'User'),
(54, 2, 'Пользователь'),
(55, 1, 'List of'),
(55, 2, 'Список'),
(56, 1, 'paste to this node'),
(56, 2, 'присоединить к этому узлу'),
(57, 1, 'call calendar'),
(57, 2, 'вызвать календарь'),
(58, 1, 'call catalog'),
(58, 2, 'вызвать справочник'),
(59, 1, 'selection on interval'),
(59, 2, 'выбор значения в интервале'),
(60, 1, 'Reset sorting'),
(60, 2, 'Отменить сортировку'),
(61, 1, 'Reset selection'),
(61, 2, 'Отменить выбор'),
(62, 1, 'sort ordering'),
(62, 2, 'порядок сортировки'),
(63, 1, 'Ascending'),
(63, 2, 'По возрастанию'),
(64, 1, 'Descending'),
(64, 2, 'По убыванию'),
(65, 1, 'unhide the content of this item'),
(65, 2, 'показать содержание этого пункта'),
(66, 1, 'delete this value from selected group'),
(66, 2, 'удалить это значение из выбранной группы'),
(67, 1, 'available for viewing'),
(67, 2, 'доступно для просмотра'),
(68, 1, 'delete this node from tree'),
(68, 2, 'удалить этот узел из дерева'),
(69, 1, 'Anywhere'),
(69, 2, 'В любом месте'),
(70, 1, 'copy this branch'),
(70, 2, 'копировать эту ветвь'),
(71, 1, 'new'),
(71, 2, 'новый'),
(72, 1, 'no destination'),
(72, 2, 'ресурс отсутствует'),
(73, 1, 'ROOT OF TREE'),
(73, 2, 'КОРЕНЬ ДЕРЕВА'),
(74, 1, 'Show full content for columns'),
(74, 2, 'Показать все строки многострочных колонок'),
(75, 1, 'No selection will be made. Correct the mistakes.'),
(75, 2, 'Выбор не производится. Исправьте ошибки.'),
(76, 1, 'List is empty'),
(76, 2, 'Список пуст'),
(77, 1, 'is not numeric'),
(77, 2, 'не является числом'),
(78, 1, 'lower value'),
(78, 2, 'минимальное значение'),
(79, 1, 'upper value'),
(79, 2, 'максимальное значение'),
(80, 1, 'lower and upper values'),
(80, 2, 'минимальное и максимальное значения'),
(81, 1, 'is invalid date'),
(81, 2, '- неверная дата'),
(82, 1, 'and'),
(82, 2, 'и'),
(83, 1, 'Search'),
(83, 2, 'Поиск'),
(84, 1, 'filtered'),
(84, 2, 'выбрано'),
(85, 1, 'filter on catalog'),
(85, 2, 'выбор по справочнику'),
(86, 1, 'to previous identifier'),
(86, 2, 'на предыдущий идентификатор'),
(87, 1, 'search in catalog'),
(87, 2, 'поиск по справочнику'),
(88, 1, 'to previous search row'),
(88, 2, 'на предыдущую страницу, содержащую строки, удовлетаворяющие критерию поиска'),
(89, 1, 'to next search row'),
(89, 2, 'на следующую страницу, содержащую строки, удовлетаворяющие критерию поиска'),
(90, 1, 'cancel search'),
(90, 2, 'отменить поиск'),
(91, 1, 'unhide the search view rows'),
(91, 2, 'показать изображение найденных строк'),
(92, 1, 'The site is undergoing technical work'),
(92, 2, 'На сайте ведутся технические работы'),
(93, 1, 'move to start of catalog'),
(93, 2, 'перейти в начало справочника'),
(94, 1, 'move to previous page of catalog'),
(94, 2, 'перейти на предыдущую страницу справочника'),
(95, 1, 'move to previous row of catalog'),
(95, 2, 'сдвиг на одну строку вверх в справочнике'),
(96, 1, 'move to next row of catalog'),
(96, 2, 'сдвиг на одну строку вниз в справочнике'),
(97, 1, 'move to next page of catalog'),
(97, 2, 'перейти на следующую страницу справочника'),
(98, 1, 'move to end of catalog'),
(98, 2, 'перейти в конец справочника'),
(99, 1, 'Filter'),
(99, 2, 'Выбор'),
(100, 1, 'exit from catalog with saving'),
(100, 2, 'выйти и сохранить справочник'),
(101, 1, 'exit from catalog'),
(101, 2, 'выйти из справочника'),
(102, 1, 'tree view mode'),
(102, 2, 'режим изображения дерева'),
(103, 1, 'select this value'),
(103, 2, 'выбрать это значение'),
(104, 1, 'return to catalog initial state'),
(104, 2, 'возврат к исходному состоянию справочника'),
(105, 1, 'collapse tree'),
(105, 2, 'показать только верхний уровень дерева'),
(106, 1, 'extend tree'),
(106, 2, 'показать все уровни дерева'),
(107, 1, 'To apply the filter'),
(107, 2, 'Для установки фильтра'),
(108, 1, 'Rows are changed'),
(108, 2, 'Изменены строки'),
(109, 1, 'Expand the tree completely'),
(109, 2, 'Необходимо развернуть дерево полностью'),
(110, 1, 'the filtering'),
(110, 2, 'отбор строк'),
(111, 1, 'the search'),
(111, 2, 'поиск'),
(112, 1, 'Repeat password'),
(112, 2, 'Повторите пароль'),
(113, 1, 'The same user name'),
(113, 2, 'Такой пользователь'),
(114, 1, 'The same password'),
(114, 2, 'Такой пароль'),
(115, 1, 'Tables'),
(115, 2, 'Таблицы'),
(116, 1, 'Row is changed'),
(116, 2, 'Изменена строка'),
(117, 1, 'These user and password already exist'),
(117, 2, 'Такой пользователь и такой пароль уже существуют'),
(118, 1, 'Entered passwords don`t match'),
(118, 2, 'Введенные пароли не совпадают'),
(119, 1, 'confirm choice'),
(119, 2, 'подтвердите выбор'),
(120, 1, 'apostrophe'),
(120, 2, 'апостроф'),
(121, 1, 'User name and(or) password You entered is incorrect'),
(121, 2, 'Вы неправильно ввели имя пользователя и(или) пароль'),
(122, 1, 'You didn`t fill in user name and both passwords'),
(122, 2, 'Вы не заполнили имя ипользователя и оба пароля'),
(123, 1, 'You didn`t fill in both passwords'),
(123, 2, 'Вы не заполнили оба пароля'),
(124, 1, 'Languages'),
(124, 2, 'Языки'),
(125, 1, 'Local languages and special symbols'),
(125, 2, 'Языки транслитерации и специальные символы'),
(126, 1, 'are tested'),
(126, 2, 'проверены'),
(127, 1, 'List of data bases'),
(127, 2, 'Список баз данных'),
(128, 1, 'Interface texts'),
(128, 2, 'Тексты интерфейса'),
(129, 1, 'save the catalog'),
(129, 2, 'сохранить справочник'),
(130, 1, 'Common configuration'),
(130, 2, 'Общая конфигурация'),
(131, 1, 'is saved'),
(131, 2, 'сохранен'),
(132, 1, 'deletion will be executed for all codings'),
(132, 2, 'удаление будет производиться для всех кодировок'),
(133, 1, 'testing the edited catalog values without saving'),
(133, 2, 'тестирование отредактированных значений каталога без сохранения'),
(134, 1, 'Category'),
(134, 2, 'Категория'),
(135, 1, 'authorized'),
(135, 2, 'авторизованные'),
(136, 1, 'registered'),
(136, 2, 'зарегистрированные'),
(137, 1, 'unregistered'),
(137, 2, 'незарегистрированные'),
(138, 1, 'marked for deletion'),
(138, 2, 'помечен на удаление'),
(139, 1, 'are saved'),
(139, 2, 'сохранены'),
(140, 1, '1) at least three characters |2) Latin lower letters , numbers and space only'),
(140, 2, '1) не менее трех символов |2) только латинские строчные буквы, цифры и пробел'),
(141, 1, '1) six to twelve characters |2) Latin letters, numbers and special symbols only |(except for apostrophes, quotation marks and spaces)'),
(141, 2, '1) от шести до двенадцати символов |2) латинские буквы, цифры и специальные символы |(кроме апострофов, кавычек и пробелов)'),
(142, 1, 'User name rules violated'),
(142, 2, 'Нарушены правила для имени пользователя'),
(143, 1, 'Password rules violated'),
(143, 2, 'Нарушены правила для пароля'),
(144, 1, 'user name and password rules violated'),
(144, 2, 'нарушены правила для имени пользователя и пароля'),
(145, 1, 'Username filling rules:'),
(145, 2, 'Правила заполнения имени пользователя:'),
(146, 1, 'Password filling rules:'),
(146, 2, 'Правила заполнения пароля:'),
(147, 1, 'Identifier'),
(147, 2, 'Идентификатор'),
(148, 1, 'Priority'),
(148, 2, 'Приоритет'),
(149, 1, 'data base isn`t allowed'),
(149, 2, 'недопустимая база данных'),
(150, 1, 'Name'),
(150, 2, 'Имя'),
(151, 1, 'found in row'),
(151, 2, 'найден в строке'),
(152, 1, 'found in rows'),
(152, 2, 'найден в строках'),
(153, 1, 'Working mode'),
(153, 2, 'Режим работы'),
(154, 1, 'view'),
(154, 2, 'просмотр'),
(155, 1, 'update'),
(155, 2, 'редактирование'),
(156, 1, 'DB name is empty'),
(156, 2, 'Имя БД не заполнено'),
(157, 1, 'data base name contains illegal characters'),
(157, 2, 'имя БД содержит запрещенные символы'),
(158, 1, 'Add new data base'),
(158, 2, 'Добавить новую базу данных'),
(159, 1, 'mark the data base for deletion'),
(159, 2, 'пометить базу данных на удаление'),
(160, 1, 'is empty'),
(160, 2, 'пустая'),
(161, 1, 'This data base is undergoing technical work'),
(161, 2, 'В этой базе данных ведутся технические работы'),
(162, 1, 'Match case in selection, search and comparison operations'),
(162, 2, 'Совпадение регистров в операциях отбора, поиска и сравнения'),
(163, 1, 'Data base'),
(163, 2, 'База данных'),
(164, 1, 'Website entry time'),
(164, 2, 'Время входа на сайт'),
(165, 1, 'Website visit count'),
(165, 2, 'Посещения сайта'),
(166, 1, 'cancel session'),
(166, 2, 'снять сеанс'),
(167, 1, 'User sessions'),
(167, 2, 'Сеансы пользователей'),
(168, 1, 'no separators'),
(168, 2, 'нет разделителей'),
(169, 1, 'all users'),
(169, 2, 'все пользователи'),
(170, 1, 'hide this message'),
(170, 2, 'скрыть это сообщение'),
(171, 1, 'user identifier must be a non-negative integer'),
(171, 2, 'идентификатор пользователя должен быть целым неотрицательным числом'),
(172, 1, 'select identifier in the list'),
(172, 2, 'выбрать идентификатор в списке'),
(173, 1, 'to next identifier'),
(173, 2, 'на следующий идентификатор'),
(174, 1, 'description can`t be empty'),
(174, 2, 'описание не может быть пустым'),
(175, 1, 'identifier must be a non-negative integer'),
(175, 2, 'идентификатор должен быть целым неотрицательным числом'),
(176, 1, 'select by text in the list'),
(176, 2, 'выбрать по тексту в списке'),
(177, 1, 'Value of page size'),
(177, 2, 'Значение размера страницы'),
(178, 1, 'This page size value cannot be reduced'),
(178, 2, 'Данное значение размера страницы не может быть уменьшено'),
(179, 1, 'can`t change identifier on insert'),
(179, 2, 'нельзя менять идентификатор при вставке'),
(180, 1, 'pair'),
(180, 2, 'пара'),
(181, 1, 'Language'),
(181, 2, 'Язык'),
(182, 1, 'Changes in language list are saved'),
(182, 2, 'Изменения в списке языков сохранены'),
(183, 1, 'Reference to it'),
(183, 2, 'Ссылка на него'),
(184, 1, 'are found in table'),
(184, 2, 'обнаружены в таблице'),
(185, 1, 'References to it'),
(185, 2, 'Ссылки на него'),
(186, 1, 'are found in tables'),
(186, 2, 'обнаружены в таблицах'),
(187, 1, 'No deletion'),
(187, 2, 'Удаление не производится'),
(188, 1, 'There are currently users working in this data base'),
(188, 2, 'Сейчас в этой базе данных работают пользователи'),
(189, 1, 'Offset in path'),
(189, 2, 'Уровень в имени файла'),
(190, 1, 'Duplicate config names have been entered'),
(190, 2, 'Были введены повторяющиеся имена конфигурации'),
(191, 1, 'Invalid characters found in config name'),
(191, 2, 'В имени конфигурации найдены неверные символы'),
(192, 1, 'Configuration saved'),
(192, 2, 'Конфигурация сохранена'),
(193, 1, 'Table definitions are saved'),
(193, 2, 'Определения таблиц сохранены'),
(194, 1, 'reset invalid session parameters'),
(194, 2, 'сбросить неверные параметры сеанса'),
(195, 1, 'Field identifier not specified'),
(195, 2, 'Не указан идентификатор поля'),
(196, 1, 'Field with the same identifier'),
(196, 2, 'Поле с таким именем'),
(197, 1, 'Field definition saved'),
(197, 2, 'Определение поля сохранено'),
(198, 1, 'The information on the screen may not be current. Please try to visit the site later.'),
(198, 2, 'Информация на экране может быть не актуальна. Попробуйте зайти на сайт позднее.'),
(199, 1, 'Changes in the table of codes for local languages saved'),
(199, 2, 'Изменения в таблице кодов для языков транслитерации сохранены'),
(200, 1, 'Warning'),
(200, 2, 'Предупреждение'),
(201, 1, 'had'),
(201, 2, 'имел'),
(202, 1, 'Site common configuration'),
(202, 2, 'Общая конфигурация сайта'),
(203, 1, 'off this page'),
(203, 2, 'вне этой страницы'),
(204, 1, 'You going to delete the'),
(204, 2, 'Вы собираетесь удалить'),
(205, 1, 'Value'),
(205, 2, 'Значение'),
(206, 1, 'There are currently users on the site'),
(206, 2, 'Сейчас на сайте работают пользователи'),
(207, 1, 'delete from source'),
(207, 2, 'удалять из источника'),
(208, 1, 'Do You sure You want to delete'),
(208, 2, 'Вы убеждены, что хотите удалить'),
(209, 1, 'Yes'),
(209, 2, 'Да'),
(210, 1, 'No'),
(210, 2, 'Нет'),
(211, 1, 'this user'),
(211, 2, 'этого пользователя'),
(212, 1, 'these users'),
(212, 2, 'этих пользователей'),
(213, 1, 'Working with data bases'),
(213, 2, 'Работа с базами данных'),
(214, 1, 'Form fields'),
(214, 2, 'Поля форм'),
(215, 1, 'is tested'),
(215, 2, 'проверен'),
(216, 1, 'Configuration'),
(216, 2, 'Конфигурация'),
(217, 1, 'Deletion of marked objects'),
(217, 2, 'Удаление помеченных объектов'),
(218, 1, 'Primary uploading of data base'),
(218, 2, 'Первичная загрузка базы данных'),
(219, 1, 'Data base updating'),
(219, 2, 'Обновление базы данных'),
(220, 1, 'General information for all data bases'),
(220, 2, 'Общая информация для всех баз данных'),
(221, 1, 'row'),
(221, 2, 'строку'),
(222, 1, 'rows'),
(222, 2, 'строки'),
(223, 1, 'To exit You must correct the errors and save the data'),
(223, 2, 'Чтобы выйти Вы должны исправить ошибки и сохранить данные'),
(224, 1, 'Restore'),
(224, 2, 'Восстановить'),
(225, 1, 'Row'),
(225, 2, 'Строка'),
(226, 1, 'is empty'),
(226, 2, 'пустой'),
(227, 1, 'User session list'),
(227, 2, 'Список сеансов'),
(228, 1, 'This text can`t be deleted because it is present in the scripts'),
(228, 2, 'Этот текст нельзя удалять, поскольку он присуствует в скриптах'),
(229, 1, 'scroll down if you can`t see it'),
(229, 2, 'если не видно, прокрутите вниз'),
(230, 1, 'was changed to'),
(230, 2, 'было заменено на'),
(231, 1, 'For language'),
(231, 2, 'Для языка'),
(232, 1, 'invalid user category'),
(232, 2, 'неверная категория пользователя'),
(233, 1, 'group catalog type'),
(233, 2, 'тип группового справочника'),
(234, 1, 'Description'),
(234, 2, 'Описание'),
(235, 1, 'To exit normally You must save the changed data'),
(235, 2, 'Чтобы нормально выйти Вы должны сохранить измененные данные'),
(236, 1, 'Be careful!'),
(236, 2, 'Будьте осторожны!'),
(237, 1, 'To change the page size'),
(237, 2, 'Чтобы изменить размер страницы'),
(238, 1, 'all right'),
(238, 2, 'все в порядке'),
(239, 1, 'You must save the data'),
(239, 2, 'Вы должны сохранить данные'),
(240, 1, 'To move through the pages'),
(240, 2, 'Чтобы перемещаться по страницам'),
(241, 1, 'edit the user data'),
(241, 2, 'редактировать данные пользователя'),
(242, 1, 'Delete'),
(242, 2, 'Удалить'),
(243, 1, 'no text with identifier'),
(243, 2, 'нет текста с идентификатором'),
(244, 1, 'the replaceable and replacement identifiers are the same'),
(244, 2, 'заменяемый и замещающий идентификаторы совпадают'),
(245, 1, 'exit from user session list'),
(245, 2, 'выйти из списка сеансов пользователей'),
(246, 1, 'Begin delimiter'),
(246, 2, 'Начальный ограничитель'),
(247, 1, 'number in source'),
(247, 2, 'номер в источнике'),
(248, 1, 'Symbol replacement'),
(248, 2, 'Замена символов'),
(249, 1, 'the additional data on algorithm'),
(249, 2, 'дополнительную информацию об алгоритме'),
(250, 1, 'include into reference'),
(250, 2, 'включать в ссылку '),
(251, 1, 'edit algorithm'),
(251, 2, 'редактировать алгоритм'),
(252, 1, 'No connection to system data base'),
(252, 2, 'Нет подключения к системной базе данных'),
(253, 1, 'Example of file path parse'),
(253, 2, 'Пример разбора полного имени файла'),
(254, 1, 'new'),
(254, 2, 'новая'),
(255, 1, 'Information of the data bases'),
(255, 2, 'Информация о базах данных'),
(256, 1, 'select data base from list on the server'),
(256, 2, 'выбрать базу данных из списка на сервере'),
(257, 1, 'DB name'),
(257, 2, 'Имя БД'),
(258, 1, 'these texts'),
(258, 2, 'эти тексты'),
(259, 1, 'Users work with this data base'),
(259, 2, 'С этой базой данных работают пользователи'),
(260, 1, 'Inner delimiter'),
(260, 2, 'Внутренний ограничитель'),
(261, 1, 'DB coding'),
(261, 2, 'Кодировка БД'),
(262, 1, 'DB description'),
(262, 2, 'Описание БД'),
(263, 1, 'exit from list of data bases'),
(263, 2, 'выйти из списка баз данных'),
(264, 1, 'save information of the data bases'),
(264, 2, 'сохранить информацию о базах данных'),
(265, 1, 'End delimiter'),
(265, 2, 'Конечный ограничитель'),
(266, 1, 'Table types'),
(266, 2, 'Типы таблиц'),
(267, 1, 'Language definition'),
(267, 2, 'Определение языков'),
(268, 1, 'exit from language definition'),
(268, 2, 'выйти из определения языков'),
(269, 1, 'save language definition'),
(269, 2, 'сохранить определение языков'),
(270, 1, 'main language'),
(270, 2, 'основной язык'),
(271, 1, 'no texts with identifiers'),
(271, 2, 'нет текстов с идентификаторами'),
(272, 1, 'inserted symbol'),
(272, 2, 'вставляемый символ'),
(273, 1, 'exit from list of codes for local language and special symbols'),
(273, 2, 'выйти из списка кодов для языков транслитерации и специальных символов'),
(274, 1, 'Save the list of codes for local language and special symbols'),
(274, 2, 'Сохранить список кодов для языков транслитерации и специальных символов'),
(275, 1, 'Local language'),
(275, 2, 'Язык транслитерации'),
(276, 1, 'was added automatically'),
(276, 2, 'добавлен автоматически'),
(277, 1, 'Symbol'),
(277, 2, 'Символ'),
(278, 1, 'for reference only'),
(278, 2, 'только для ссылки'),
(279, 1, 'Regular expression'),
(279, 2, 'Регулярное выражение'),
(280, 1, 'Byte'),
(280, 2, 'Байт'),
(281, 1, 'codings'),
(281, 2, 'кодировки'),
(282, 1, 'the field'),
(282, 2, 'поле'),
(283, 1, 'drop'),
(283, 2, 'удалить'),
(284, 1, 'change'),
(284, 2, 'изменить'),
(285, 1, 'Set of letters for transliteration'),
(285, 2, 'Набор букв для транслитерации'),
(286, 1, 'add'),
(286, 2, 'добавить'),
(287, 1, 'You can enter the file path here.'),
(287, 2, 'Вы можете ввести сюда полное имя файла'),
(288, 1, 'exit from the list of interface texts'),
(288, 2, 'выйти из списка текстов интерфейса'),
(289, 1, 'Integrity check'),
(289, 2, 'Проверка целостности'),
(290, 1, 'shrink the tree'),
(290, 2, 'сжать дерево'),
(291, 1, 'edit row'),
(291, 2, 'редактировать строку'),
(292, 1, 'Add new row'),
(292, 2, 'Новая строка'),
(293, 1, 'Text'),
(293, 2, 'Текст'),
(294, 1, 'The identifier value must be a positive integer no greater than 99999'),
(294, 2, 'Значение идентификатора должно быть целым положительным числом не больше 99999'),
(295, 1, 'perform the file path parse'),
(295, 2, 'выполнить разбора полного имени файла'),
(296, 1, 'Errors found'),
(296, 2, 'Обнаружены ошибки'),
(297, 1, 'found in row'),
(297, 2, 'найдена в строке'),
(298, 1, 'found in rows'),
(298, 2, 'найдена в строках'),
(299, 1, 'You entered'),
(299, 2, 'Вы ввели'),
(300, 1, 'rows'),
(300, 2, 'строк'),
(301, 1, 'it is unregistered user'),
(301, 2, 'это незарегистрированный пользователь'),
(302, 1, 'Number'),
(302, 2, 'Число'),
(303, 1, 'enter a separator of illegal symbol groups'),
(303, 2, 'ввести разделитель групп запрещенных символов'),
(304, 1, 'add language'),
(304, 2, 'добавить язык'),
(305, 1, 'however'),
(305, 2, 'однако'),
(306, 1, 'Fill from main configuration'),
(306, 2, 'Заполнить из основной конфигурации'),
(307, 1, 'Table definition'),
(307, 2, 'Определение таблиц'),
(308, 1, 'table name can`t be empty'),
(308, 2, 'имя таблицы не может быть пустым'),
(309, 1, 'Non-unique 2nd tables found'),
(309, 2, 'Обнаружены не уникальные 2-е таблицы'),
(310, 1, 'save the table definitions'),
(310, 2, 'сохранить определения таблиц'),
(311, 1, 'Table name'),
(311, 2, 'Имя таблицы'),
(312, 1, 'Table type'),
(312, 2, 'Тип таблицы'),
(313, 1, 'Illegal symbols'),
(313, 2, 'Запрещенные символы'),
(314, 1, 'Separators'),
(314, 2, 'Разделители'),
(315, 1, '2-nd table'),
(315, 2, '2-ая таблица'),
(316, 1, 'this algorithm is already exists'),
(316, 2, 'такой алгоритм уже существует'),
(317, 1, 'maximum group size be a non-negative integer'),
(317, 2, 'максимальный размер группы должен быть целым неотрицательным числом'),
(318, 1, 'can`t contain apostrophe'),
(318, 2, 'не может содержать апостроф'),
(319, 1, 'missing the main table'),
(319, 2, 'отсутствует главная таблица'),
(320, 1, 'several main tables'),
(320, 2, 'присутствует несколько главных таблиц'),
(321, 1, 'missing the attached files table'),
(321, 2, 'отсутствует таблица присоединенных файлов'),
(322, 1, 'several attached files tables'),
(322, 2, 'присутствует несколько таблиц присоединенных файлов'),
(323, 1, 'missing the primary load table'),
(323, 2, 'отсутствует таблица первичной загрузки'),
(324, 1, 'several primary load tables'),
(324, 2, 'присутствует несколько таблиц первичной загрузки'),
(325, 1, 'set the maximum group size'),
(325, 2, 'установить максимальный размер группы'),
(326, 1, 'set the value of the next free key for each table'),
(326, 2, 'установить значение следующего свободного ключа для каждой таблицы'),
(327, 1, 'set fields to lower case'),
(327, 2, 'перевести поля в нижний регистр'),
(328, 1, 'corrected to'),
(328, 2, 'исправлено на'),
(329, 1, 'Saving is possible only after correcting all the errors listed above'),
(329, 2, 'Сохранение возможно только после исправления всех перечисленных выше ошибок'),
(330, 1, 'Coding'),
(330, 2, 'Кодировка'),
(331, 1, 'invalid coding'),
(331, 2, 'неверная кодировка'),
(332, 1, 'Order in table'),
(332, 2, 'Порядок в таблице'),
(333, 1, 'Order in form'),
(333, 2, 'Порядок в форме'),
(334, 1, 'Data base field parameters'),
(334, 2, 'Параметры полей базы данных'),
(335, 1, 'hide illegal and default symbols'),
(335, 2, 'скрыть недопустимые символы и символы по умолчанию'),
(336, 1, 'edit the field description'),
(336, 2, 'редактировать описание поля'),
(337, 1, 'view illegal and default symbols'),
(337, 2, 'смотреть недопустимые символы и символы по умолчанию'),
(338, 1, 'field value is duplicated in lowercase'),
(338, 2, 'значение поля дублируется на нижнем регистре'),
(339, 1, 'Field description'),
(339, 2, 'Описание поля'),
(340, 1, 'field identifier (used as an alias)'),
(340, 2, 'идентификатор поля (используется как псевдоним)'),
(341, 1, 'value is not filled'),
(341, 2, 'значение не заполнено'),
(342, 1, 'sign of the table key field'),
(342, 2, 'признак ключевого поля в таблице'),
(343, 1, 'order number in the table'),
(343, 2, 'порядковый номер в таблице'),
(344, 1, 'order number of the field location on the screen'),
(344, 2, 'порядковый номер расположения поля на экране'),
(345, 1, 'field value must be unique'),
(345, 2, 'значение поля должно быть уникальным'),
(346, 1, 'in messages'),
(346, 2, 'в сообщениях'),
(347, 1, 'Field name'),
(347, 2, 'Имя поля'),
(348, 1, 'sign of duplication of the field value in lowercase'),
(348, 2, 'признак дублирования значения поля на нижнем регистре'),
(349, 1, 'field type'),
(349, 2, 'тип поля'),
(350, 1, 'must be a non-negative integer'),
(350, 2, 'должно быть целым неотрицательным числом'),
(351, 1, 'You are already logged in to the site in this browser'),
(351, 2, 'Вы уже вошли на сайт в этом браузере'),
(352, 1, 'field alignment in the forms'),
(352, 2, 'выравнивание поля в формах'),
(353, 1, 'field values range can be specified by interval'),
(353, 2, 'диапазон значений поля может быть указан интервалом'),
(354, 1, 'field size'),
(354, 2, 'размер поля'),
(355, 1, 'column width for displaying field values'),
(355, 2, 'ширина колонки для вывода значений поля'),
(356, 1, 'name of catalog referenced by this field'),
(356, 2, 'имя справочника, на который ссылается это поле'),
(357, 1, 'table of catalog referenced by the field'),
(357, 2, 'таблица справочника, на которую ссылается поле'),
(358, 1, 'mark this row for deletion'),
(358, 2, 'пометить эту строку на удаление'),
(359, 1, 'there are still incorrect references'),
(359, 2, 'есть еще неверные ссылки'),
(360, 1, 'name of group catalog referenced this field'),
(360, 2, 'имя группового каталога, на который ссылается это поле'),
(361, 1, 'group catalog table referenced by this field'),
(361, 2, 'таблица группового справочника, на который ссылается это поле'),
(362, 1, 'this row'),
(362, 2, 'эту строку'),
(363, 1, 'of the field list'),
(363, 2, 'списка полей'),
(364, 1, 'field can be left blank'),
(364, 2, 'поле можно оставить пустым'),
(365, 1, 'Table'),
(365, 2, 'Таблица'),
(366, 1, 'by field value, You can select and sort'),
(366, 2, 'по значению поля можно произволить отбор и сортировку'),
(367, 1, 'list of illegal symbols'),
(367, 2, 'список недопустимых символов'),
(368, 1, 'field value must by checked'),
(368, 2, 'значение поля должно проверяться'),
(369, 1, 'field value by default'),
(369, 2, 'значение поля по умолчанию'),
(370, 1, 'Order in group'),
(370, 2, 'Порядок в группе'),
(371, 1, 'sign of common text for several data base objects'),
(371, 2, 'признак общего текста для нескольких объектов базы данных'),
(372, 1, 'initial filter mode when selecting rows'),
(372, 2, 'начальный режим фильтра при отборе строк'),
(373, 1, 'sort initial order for this field'),
(373, 2, 'начальный порядок сортировки для этого поля'),
(374, 1, 'primary loading'),
(374, 2, 'первичная загрузка'),
(375, 1, 'Catalogs'),
(375, 2, 'Справочники'),
(376, 1, 'deleting marked'),
(376, 2, 'удаление помеченных'),
(377, 1, 'attached files'),
(377, 2, 'присоединенные файлы'),
(378, 1, 'It is used in subsystems'),
(378, 2, 'Используется в подсистемах'),
(379, 1, 'The data base have'),
(379, 2, 'В базе данных'),
(380, 1, 'Sort by column'),
(380, 2, 'Сортировать по колонке'),
(381, 1, 'This field belongs to the table'),
(381, 2, 'Это поле принадлежит таблице'),
(382, 1, 'the table column name is'),
(382, 2, 'имя колонки таблицы -'),
(383, 1, 'no percent sign'),
(383, 2, 'нет знака процента'),
(384, 1, 'integer'),
(384, 2, 'число'),
(385, 1, 'expand the tree'),
(385, 2, 'развернуть дерево'),
(386, 1, 'date'),
(386, 2, 'дата'),
(387, 1, 'select'),
(387, 2, 'выбор'),
(388, 1, 'check'),
(388, 2, 'флажок'),
(389, 1, 'URL file'),
(389, 2, 'файл URL'),
(390, 1, 'URL link'),
(390, 2, 'связь URL'),
(391, 1, 'deletion mark'),
(391, 2, 'пометка удаления'),
(392, 1, 'reference'),
(392, 2, 'ссылка'),
(393, 1, 'not ordered'),
(393, 2, 'не упорядочивается'),
(394, 1, 'by hierarchy'),
(394, 2, 'по иерархии'),
(395, 1, 'alphabetically'),
(395, 2, 'в алфавитном порядке'),
(396, 1, 'system'),
(396, 2, 'системная'),
(397, 1, 'main'),
(397, 2, 'основная'),
(398, 1, 'attach'),
(398, 2, 'присоединенная'),
(399, 1, 'Catalog'),
(399, 2, 'Справочник'),
(400, 1, 'Filter/search modes'),
(400, 2, 'Режимы отбора/поиска'),
(401, 1, 'service'),
(401, 2, 'служебная'),
(402, 1, 'insert this row to the left catalog'),
(402, 2, 'вставить эту строку в левый справочник'),
(403, 1, 'Field'),
(403, 2, 'Поле'),
(404, 1, 'Field description saved'),
(404, 2, 'Описание поля сохранено'),
(405, 1, 'to the field list'),
(405, 2, 'перейти к списку полей'),
(406, 1, 'Setting the value of the free key for each table completed'),
(406, 2, 'Установка значения свободного ключа для каждой таблицы завершена'),
(407, 1, 'maximum group size is setted'),
(407, 2, 'максимальный размер группы установлен'),
(408, 1, 'yes'),
(408, 2, 'да'),
(409, 1, 'no'),
(409, 2, 'нет'),
(410, 1, 'Configuration value'),
(410, 2, 'Значение конфигурации'),
(411, 1, 'send a message to the user to end the session'),
(411, 2, 'передать сообщение пользователю о необходимости завершения сеанса'),
(412, 1, 'You didn`t follow the warning to leave the site'),
(412, 2, 'Вы не последовали предупреждению о необходимости уйти с сайта'),
(413, 1, 'session will be canceled'),
(413, 2, 'сеанс будет снят'),
(414, 1, 'second left'),
(414, 2, 'секунд осталось'),
(415, 1, 'End marked sessions'),
(415, 2, 'Завершить помеченные сеансы'),
(416, 1, 'You pressed the button'),
(416, 2, 'Вы нажали кнопку'),
(417, 1, 'It is not recommended to close this page to avoid interrupting the process of terminating the marked sessions'),
(417, 2, 'Не рекомендуется закрывать эту страницу во избежание прерывания процесса завершения помеченных сеансов'),
(418, 1, 'Changes have been made to the page (see above). Do You want to keep them?'),
(418, 2, 'На странице были выполнены изменения (см.  выше). Вы хотите сохранить их?'),
(419, 1, 'row'),
(419, 2, 'строка'),
(420, 1, 'Configuration not saved due to errors (see above)'),
(420, 2, 'Конфигурация не сохранена из-за ошибок (см. выше)'),
(421, 1, 'Fields'),
(421, 2, 'Поля'),
(422, 1, 'fields copied to lowercase'),
(422, 2, 'поля скопированы в нижний регистр'),
(423, 1, 'Select'),
(423, 2, 'Выбрать'),
(424, 1, 'Sort modes'),
(424, 2, 'Режимы сортировки'),
(425, 1, 'types of sessions'),
(425, 2, 'типы сеансов'),
(426, 1, 'has pending sessions'),
(426, 2, 'имеет незавершенные сеансы'),
(427, 1, 'You are already working in this data base'),
(427, 2, 'Вы уже работаете в этой базе данных'),
(428, 1, 'parameter'),
(428, 2, 'параметр'),
(429, 1, 'fill left table with values from right table'),
(429, 2, 'заполнить левую таблицу значениями из правой таблицы'),
(430, 1, 'duplicated'),
(430, 2, 'дублируется'),
(431, 1, 'Hide'),
(431, 2, 'Скрыть'),
(432, 1, 'Show duplicate texts'),
(432, 2, 'Показать дублированные тексты'),
(433, 1, 'kjhgfds'),
(433, 2, 'ааа'),
(434, 1, 'such text'),
(434, 2, 'такой текст'),
(435, 1, 'all texts'),
(435, 2, 'все тексты'),
(436, 1, 'identifiers'),
(436, 2, 'идентификаторы'),
(437, 1, 'empty texts'),
(437, 2, 'пустые тексты'),
(438, 1, 'duplicated texts'),
(438, 2, 'дублированные тексты'),
(439, 1, 'its'),
(439, 2, 'его'),
(440, 1, 'its'),
(440, 2, 'ее'),
(441, 1, 'all languages'),
(441, 2, 'все языки'),
(442, 1, 'unused texts'),
(442, 2, 'неиспользуемые тексты'),
(443, 1, 'In the row'),
(443, 2, 'В строке'),
(444, 1, 'the illegal characters detected'),
(444, 2, 'обнаружены запрещенные символы'),
(445, 1, 'the empty value detected because the link with code'),
(445, 2, 'обнаружено пустое значение, поскольку ссылка с кодом'),
(446, 1, 'the empty values detected because the links with codes'),
(446, 2, 'обнаружены пустые значения, поскольку ссылки с кодами'),
(447, 1, 'have been deleted from catalog'),
(447, 2, 'удалена из справочника'),
(448, 1, 'have been deleted from catalog'),
(448, 2, 'удалены из справочника'),
(449, 1, 'At begin'),
(449, 2, 'С начала'),
(450, 1, 'Exact'),
(450, 2, 'Точное совпадение'),
(451, 1, 'Field alignment'),
(451, 2, 'Выравнивание полей'),
(452, 1, 'Field used in subsystems'),
(452, 2, 'Поле используется в подсистемах'),
(453, 1, 'Field types'),
(453, 2, 'Типы полей'),
(454, 1, 'Group catalog types'),
(454, 2, 'Типы группового справочника'),
(455, 1, 'not filled'),
(455, 2, 'не заполнено'),
(456, 1, 'add special number'),
(456, 2, 'добавить специальный номер'),
(457, 1, 'delete special number'),
(457, 2, 'удалить специальный номер'),
(458, 1, 'not numeric'),
(458, 2, 'не число'),
(459, 1, 'not in interface texts'),
(459, 2, 'нет в текстах интерфейса'),
(460, 1, 'Left'),
(460, 2, 'Влево'),
(461, 1, 'Right'),
(461, 2, 'Вправо'),
(462, 1, 'Center'),
(462, 2, 'Центр'),
(463, 1, 'hide the integrity check result of interface texts'),
(463, 2, 'скрыть результаты проверки целостности текстов интерфейса'),
(464, 1, 'check the integrity of interface texts'),
(464, 2, 'проверить целостность текстов интерфейса'),
(465, 1, 'Show special text identifiers'),
(465, 2, 'Показать идентификаторы специальных текстов'),
(466, 1, 'Save the identifiers of special texts'),
(466, 2, 'Сохранить идентификаторы специальных текстов'),
(467, 1, 'string'),
(467, 2, 'строка'),
(468, 1, 'name'),
(468, 2, 'имя'),
(469, 1, 'was changed to'),
(469, 2, 'был заменен на'),
(470, 1, 'on this page'),
(470, 2, 'на этой странице'),
(471, 1, 'You must correct errors and save changes'),
(471, 2, 'Вы должны исправить ошибки и сохранить изменения'),
(472, 1, 'view errors and warnings'),
(472, 2, 'посмотреть ошибки и предупреждения'),
(473, 1, 'of the catalog'),
(473, 2, 'справочника'),
(474, 1, 'of the catalogs'),
(474, 2, 'справочников'),
(475, 1, 'wrong ordering'),
(475, 2, 'неверное упорядочивание'),
(476, 1, 'hide errors and warnings'),
(476, 2, 'скрыть ошибки и предупреждения'),
(477, 1, 'apply filter'),
(477, 2, 'применить фильтр'),
(478, 1, 'start search'),
(478, 2, 'начать поиск'),
(480, 1, 'To perform searching'),
(480, 2, 'Для выполнения поиска'),
(481, 1, 'To cancel the filter'),
(481, 2, 'Чтобы отменить фильтр'),
(482, 1, 'To fill the left catalog'),
(482, 2, 'Чтобы заполнить левый справочник'),
(483, 1, 'To go to this position'),
(483, 2, 'Чтобы перейти к этой позиции'),
(484, 1, 'To exit'),
(484, 2, 'Чтобы выйти'),
(485, 1, 'To navigate along catalog'),
(485, 2, 'Для навигации по каталогу'),
(486, 1, 'To collapse/expand this row'),
(486, 2, 'Чтобы свернуть/развернуть эту строку'),
(487, 1, 'The following updated value is not on this page'),
(487, 2, 'Следующее обновленное значение не находится на этой странице'),
(488, 1, 'The following updated values are not on this page'),
(488, 2, 'Следующие обновленные значения не находятся на этой странице'),
(489, 1, 'The duplicate values found'),
(489, 2, 'Найдены повторяющиеся значения'),
(490, 1, 'value'),
(490, 2, 'значение'),
(491, 1, 'found in rows with codes'),
(491, 2, 'найдено в строках с кодами'),
(492, 1, 'The following updated value is not included in the filter criteria'),
(492, 2, 'Следующее обновленное значение не включено в критерии фильтра'),
(493, 1, 'The following updated values are not included in the filter criteria'),
(493, 2, 'Следующие обновленные значения не включены в критерии фильтра'),
(494, 1, 'Filter canceled'),
(494, 2, 'Фильтр отменяется'),
(495, 1, 'Row for insertion is not selected'),
(495, 2, 'Не выбрана вставляемая строка'),
(496, 1, 'Row for insertion is not on this page'),
(496, 2, 'Вставляемая строка не находится на этой странице'),
(497, 1, 'To insert this value to appropriate row of coupled catalog You must to correct one'),
(497, 2, 'Чтобы вставить соответствующую строку связанного спарвочника Вы должны исправить ее'),
(498, 1, 'To insert this value to appropriate row of coupled catalog You must to save one'),
(498, 2, 'Чтобы вставить соответствующую строку связанного спарвочника Вы должны сохранить ее'),
(499, 1, 'rows are added from catalog'),
(499, 2, 'строк добавлено из справочника'),
(500, 1, 'to catalog'),
(500, 2, 'в справочник'),
(501, 1, 'To copy the tree branch'),
(501, 2, 'Чтобы скопировать ветвь дерева'),
(502, 1, 'You have not selected a row to copy'),
(502, 2, 'Вы не выбрали строку для копирования'),
(503, 1, 'Code of inserting must be different from code of copying'),
(503, 2, 'Код вставки должен отличаться от кода копирования'),
(504, 1, 'cannot be moved'),
(504, 2, 'не может быть перемещена'),
(505, 1, 'Duplicate values found in the row'),
(505, 2, 'Найдены дублированные значения в строке'),
(506, 1, 'This row cannot be moved'),
(506, 2, 'Эта строка не может быть перемещена'),
(507, 1, 'The original state restored'),
(507, 2, 'Исходное состояние восстановлено'),
(509, 1, 'In the catalog'),
(509, 2, 'В справочнике'),
(510, 1, 'Contact the administrator'),
(510, 2, 'Обратитесь к администратору'),
(511, 1, 'All sessions'),
(511, 2, 'Все сеансы'),
(512, 1, 'must be an integer greater than 1'),
(512, 2, 'должен быть целым числом больше 1'),
(513, 1, 'The page size cannot be reduced.'),
(513, 2, 'Размер страницы не может быть уменьшен.'),
(514, 1, 'no data base'),
(514, 2, 'нет базы данных'),
(515, 1, 'no user'),
(515, 2, 'нет пользователя'),
(516, 1, 'session not completed'),
(516, 2, 'сеанс не завершен'),
(517, 1, 'testing the whole table'),
(517, 2, 'тестирование всей таблицы'),
(518, 1, 'errors only'),
(518, 2, 'только ошибки'),
(519, 1, 'show all sessions'),
(519, 2, 'показать все сеансы'),
(520, 1, 'show error sessions only'),
(520, 2, 'показать только ошибочные сеансы'),
(521, 1, 'show error users only'),
(521, 2, 'показать только пользователей с ошибками'),
(522, 1, 'Select sessions according to specified criteria'),
(522, 2, 'Выбрать сеансы по установленным критериям'),
(523, 1, 'You must correct and save data'),
(523, 2, 'Вы должны исправить и сохранить данные'),
(524, 1, 'any sessions'),
(524, 2, 'любые сеансы'),
(525, 1, 'all uncompleted'),
(525, 2, 'все незавершенные'),
(526, 1, 'uncompleted starting'),
(526, 2, 'незавершенные начиная с'),
(527, 1, 'selected'),
(527, 2, 'выбрано'),
(528, 1, 'erroneous'),
(528, 2, 'ошибочных'),
(529, 1, 'No error rows'),
(529, 2, 'Нет строк с ошибками'),
(530, 1, 'Page size'),
(530, 2, 'Размер страницы'),
(531, 1, 'Date format'),
(531, 2, 'Формат даты'),
(532, 1, 'data base identifier can`t be negative'),
(532, 2, 'идентификатор базы данных не может быть отрицательным'),
(533, 1, 'language code must be a non-negative integer'),
(533, 2, 'код языка должен быть целым неотрицательным числом'),
(534, 1, 'respectively'),
(534, 2, 'соответственно'),
(535, 1, 'is invalid'),
(535, 2, 'неверен'),
(536, 1, 'was added automatically'),
(536, 2, 'добавлена автоматически'),
(537, 1, 'is the name of the special character table'),
(537, 2, 'это название таблицы спецсимволов'),
(538, 1, 'this'),
(538, 2, 'этот'),
(539, 1, 'Full list of users'),
(539, 2, 'Полный список пользователей'),
(540, 1, 'back to full list of users'),
(540, 2, 'вернуться к полному списку пользователей'),
(541, 1, 'Invalid references'),
(541, 2, 'Неверные ссылки'),
(542, 1, 'language ID'),
(542, 2, 'код языка'),
(543, 1, 'title ID'),
(543, 2, 'код текста'),
(544, 1, 'user ID'),
(544, 2, 'код пользователя'),
(545, 1, 'data base identifier'),
(545, 2, 'идентификатор базы данных'),
(546, 1, 'invalid reference to language'),
(546, 2, 'неверная ссылка на язык'),
(547, 1, 'invalid page size'),
(547, 2, 'неверный размер страницы'),
(548, 1, 'invalid reference to data base'),
(548, 2, 'неверная ссылка на базу данных'),
(549, 1, 'the errors are shown below'),
(549, 2, 'ошибки показаны ниже'),
(550, 1, 'this user'),
(550, 2, 'этот пользователь'),
(551, 1, 'also'),
(551, 2, 'также'),
(552, 1, 'this password'),
(552, 2, 'этот пароль'),
(553, 1, 'There are no interface texts in the selected mode'),
(553, 2, 'В выбранном режиме нет текстов интерфейса'),
(554, 1, 'Invalid references to the language of transliteration'),
(554, 2, 'Неверные ссылки на язык транслитерации'),
(555, 1, 'To exit from user list You must delete all marked rows on this page'),
(555, 2, 'Чтобы выйти из списка пользователей Вы должны удалить все помеченные строки на этой странице'),
(556, 1, 'for unregistered user'),
(556, 2, 'для незарегистрированного пользователя'),
(557, 1, 'cancel data base'),
(557, 2, 'отменить базу данных'),
(558, 1, 'Duplicate pairs'),
(558, 2, 'Повторяющиеся пары '),
(559, 1, 'is duplicated (see nearest rows)'),
(559, 2, 'дублируется (см. ближайшие строки)'),
(560, 1, 'codes of'),
(560, 2, 'коды'),
(561, 1, 'pairs'),
(561, 2, 'пары'),
(562, 1, 'To navigate over pages You must unmark all sessions on this page'),
(562, 2, 'Для навигации по страницам Вы должны снять все пометки удаления на этой странице'),
(563, 1, 'There are changes or errors on the page.'),
(563, 2, 'На странице обнаружены изменения или ошибки.'),
(564, 1, 'There are deletion marks on the page.'),
(564, 2, 'На странице есть пометки удаления.'),
(565, 1, 'select this pair'),
(565, 2, 'выбрать эту пару'),
(566, 1, 'incorrectly specified'),
(566, 2, 'неверно задано'),
(567, 1, 'or'),
(567, 2, 'или'),
(568, 1, 'in list'),
(568, 2, 'в списке'),
(569, 1, 'there was no replacement of identifiers'),
(569, 2, 'не было замены идентификаторов'),
(570, 1, 'You must remove the marks for unchecking and deleting the sessions'),
(570, 2, 'Вы должны убрать пометки снятия и удаления сеансов'),
(571, 1, 'You must correct and save the data, as well as remove the marks for canceling and deleting sessions'),
(571, 2, 'Вы должны исправить и сохранить данные, а также убрать пометки снятия и удаления сеансов'),
(572, 1, 'contains an apostrophe'),
(572, 2, 'содержит апостроф'),
(573, 1, 'not filled'),
(573, 2, 'не заполнен'),
(574, 1, 'no preference'),
(574, 2, 'нет предпочтения'),
(575, 1, 'Change the language'),
(575, 2, 'Заменить язык'),
(576, 1, 'invalid the language code'),
(576, 2, 'неверный код языка'),
(577, 1, 'must be'),
(577, 2, 'должно быть'),
(578, 1, 'there must be only one symbol'),
(578, 2, 'символ должен быть только один'),
(579, 1, 'such symbol'),
(579, 2, 'такой символ'),
(580, 1, 'Special character table must not contain main language character sets'),
(580, 2, 'Таблица специальных символов не должна содержать наборы букв основного языка'),
(581, 1, 'will be deleted'),
(581, 2, 'будет удален'),
(582, 1, 'Additionally'),
(582, 2, 'Дополнительно'),
(583, 1, 'Users'),
(583, 2, 'Пользователи'),
(584, 1, 'Symbols'),
(584, 2, 'Символы'),
(585, 1, 'marked for deletion'),
(585, 2, 'помечены на удаление'),
(586, 1, 'is added to table'),
(586, 2, 'добавлен в таблицу'),
(587, 1, 'already exists'),
(587, 2, 'уже существует'),
(588, 1, 'interface text'),
(588, 2, 'текст интерфейса'),
(589, 1, 'now'),
(589, 2, 'сейчас'),
(590, 1, 'correct'),
(590, 2, 'исправить'),
(591, 1, 'the smallest free identifier will be set'),
(591, 2, 'будет установлен наименьший свободный идентификатор'),
(592, 1, 'Errors'),
(592, 2, 'Ошибки'),
(593, 1, 'select users according to specified criteria'),
(593, 2, 'выбрать пользователей по установленным критериям'),
(594, 1, 'values before editing'),
(594, 2, 'значения до редактирования'),
(595, 1, 'Match case'),
(595, 2, 'Совпадение регистров'),
(596, 1, 'field value in the table'),
(596, 2, 'значение поля в таблице'),
(597, 1, 'unhide'),
(597, 2, 'показать'),
(598, 1, 'the user additional data'),
(598, 2, 'дополнительную информацию пользователя'),
(599, 1, 'On site login'),
(599, 2, 'При входе на сайт'),
(600, 1, 'invalid sign'),
(600, 2, 'неверный признак'),
(601, 1, 'Editing result for user'),
(601, 2, 'Результат редактирования пользователя'),
(602, 1, 'Invalid'),
(602, 2, 'Неверный'),
(603, 1, 'selection sign on interval'),
(603, 2, 'признак выбора в интервале'),
(604, 1, 'one is set to'),
(604, 2, 'установлен'),
(605, 1, 'the following data is saved'),
(605, 2, 'сохранены следующие данные'),
(606, 1, 'errors in the following data'),
(606, 2, 'ошибки в следующих данных'),
(607, 1, 'Errors were found in the structure of database tables (see below). They must be corrected using data base server commands'),
(607, 2, 'Обнаружены ошибки в структуре таблиц базы данных (см. ниже). Их необходимо исправить с помощью команд сервера базы данных'),
(608, 1, 'there is no such table in the data base'),
(608, 2, 'такой таблицы нет в базе данных'),
(609, 1, 'table definition missing'),
(609, 2, 'определение таблицы отсутствует'),
(610, 1, 'Errors were found in the system tables'),
(610, 2, 'В системных таблицах обнаружены ошибки'),
(611, 1, 'If you are a system administrator, please sign in to correct these tables'),
(611, 2, 'Если вы системный администратор, войдите в систему, чтобы исправить эти таблицы.'),
(612, 1, 'Otherwise, contact system administrator'),
(612, 2, 'В противном случае обратитесь к системному администратору.'),
(613, 1, 'Contact system administrator'),
(613, 2, 'Обратитесь к системному администратору'),
(614, 1, 'code'),
(614, 2, 'код'),
(615, 1, 'Primary uploading algorithms'),
(615, 2, 'Алгоритмы первичной загрузки'),
(616, 1, 'This group was not in the list of special text identifier groups. It will be added when saving.'),
(616, 2, 'Этой группы не было в списке групп идентификаторов специальных текстов. Она будет добавлена при сохранении.'),
(617, 1, 'created'),
(617, 2, 'создана'),
(618, 1, 'the priority may be incorrect'),
(618, 2, 'возможно, неверно указан приоритет'),
(619, 1, 'For all symbols with language identifier'),
(619, 2, 'Для всех символов с идентификатором языка'),
(620, 1, 'There are no identifiers in this group'),
(620, 2, 'В этой группе отсутствуют идентификаторы'),
(621, 1, 'Invalid name of special text identifier group. It will be deleted when saving.'),
(621, 2, 'Неверное название группы идентификаторов специальных текстов. Она будет удалена при сохранении.'),
(622, 1, 'these languages'),
(622, 2, 'эти языки'),
(623, 1, 'was changed to'),
(623, 2, 'была заменена на'),
(624, 1, 'were changed to'),
(624, 2, 'были заменены на'),
(625, 1, 'this language'),
(625, 2, 'этот язык'),
(626, 1, 'language replaced by'),
(626, 2, 'язык заменен на'),
(627, 1, 'catalog row code must be a positive integer'),
(627, 2, 'код строки справочника должен быть целым положительным числом'),
(628, 1, 'and so on'),
(628, 2, 'и так далее'),
(629, 1, 'see log'),
(629, 2, 'смотри журнал'),
(630, 1, 'with identifier'),
(630, 2, 'с идентификатором'),
(631, 1, 'or select another data base'),
(631, 2, 'или выберите другую базу данных'),
(632, 1, 'Errors were found in the data base you selected'),
(632, 2, 'В выбранной Вами базе данных обнаружены ошибки'),
(633, 1, 'to languages'),
(633, 2, 'на языки'),
(634, 1, 'to data bases'),
(634, 2, 'на базы данных'),
(635, 1, 'Replace codes'),
(635, 2, 'Заменить коды'),
(636, 1, 'Complete'),
(636, 2, 'Завершить'),
(637, 1, 'invalid catalog key field definition'),
(637, 2, 'неверное определение поля ключа справочника'),
(638, 1, 'invalid catalog value field definition'),
(638, 2, 'неверное определение поля значения справочника'),
(639, 1, '2-nd table no exist in the data base'),
(639, 2, '2-я таблица отсутствует в базе данных'),
(640, 1, 'Hide special text identifiers'),
(640, 2, 'Скрыть идентификаторы специальных текстов'),
(641, 1, 'not all required fields are defined'),
(641, 2, 'не все требуемые поля определены'),
(642, 1, 'definition is missed'),
(642, 2, 'определение отсутствует'),
(643, 1, 'The number of fields in the table'),
(643, 2, 'Количество полей в таблице'),
(644, 1, 'in the data base does not match the number of fields in the definition of this table'),
(644, 2, 'в базе данных не совпадает с количеством полей в определении этой таблицы'),
(645, 1, 'lower case'),
(645, 2, 'нижний регистр'),
(646, 1, 'invalid main table key field definition'),
(646, 2, 'неверное определение поля ключа главной таблицы'),
(647, 1, 'invalid field definition for deletion mark'),
(647, 2, 'неверное определение поля для пометки удаления'),
(648, 1, 'field for deletion mark must be last field in the table definition'),
(648, 2, 'поле для пометки удаления должно быть последним полем в определении таблицы'),
(649, 1, 'invalid definition of attached file field for reference to main table'),
(649, 2, 'неверное определение поля присоединенного файла для ссылки на главную таблицу'),
(650, 1, 'invalid definition for attached file name'),
(650, 2, 'неверное определение для имени присоединенного файла'),
(651, 1, 'invalid definition of primary upload file field for reference to main table'),
(651, 2, 'неверное определение поля файла первичной загрузки для ссылки на основную таблицу'),
(652, 1, 'invalid definition of primary upload file field for path and file name'),
(652, 2, 'неверное определение поля файла первичной загрузки для полного имени файла'),
(653, 1, 'isn`t a field of the table'),
(653, 2, 'не является полем таблицы'),
(654, 1, 'no table with code'),
(654, 2, 'нет таблицы с кодом'),
(655, 1, 'in description of field'),
(655, 2, 'в описании поля'),
(656, 1, 'in description of fields'),
(656, 2, 'в описании полей'),
(657, 1, 'can contain any single-byte character'),
(657, 2, 'может содержать любой однобайтовый символ'),
(658, 1, 'Add new symbol'),
(658, 2, 'Добавить новый символ'),
(659, 1, 'special character can`t be transliterated'),
(659, 2, 'специальный символ нельзя транслитерировать'),
(660, 1, 'but not filled'),
(660, 2, ', но не заполнена'),
(661, 1, 'mandatory information added'),
(661, 2, 'добавлена обязательная информация'),
(662, 1, 'language'),
(662, 2, 'языка'),
(663, 1, 'data base'),
(663, 2, 'базы данных'),
(664, 1, 'user'),
(664, 2, 'пользователя'),
(665, 1, 'delete it or replace it with'),
(665, 2, 'удалите его или замените на'),
(666, 1, 'and also the symbol for separating transliteration variants'),
(666, 2, 'а также символ разделения вариантов транслитерации'),
(667, 1, 'there were no changes in the interface texts with identifiers'),
(667, 2, 'не было изменений в текстах интерфейса с идентификаторами'),
(668, 1, 'since the texts with identifiers'),
(668, 2, 'поскольку в текстах с идентификаторами'),
(669, 1, 'Replace'),
(669, 2, 'Заменить'),
(670, 1, 'to'),
(670, 2, 'на'),
(671, 1, 'this symbol is prohibited for transliteration'),
(671, 2, 'этот символ запрещен для транслитерации'),
(672, 1, 'contain the replacement language'),
(672, 2, 'присутствует язык замены'),
(673, 1, 'since the identifiers'),
(673, 2, 'поскольку идентификаторы'),
(674, 1, 'already exist for the identifier'),
(674, 2, 'уже существуют для идентификатора'),
(675, 1, 'data base'),
(675, 2, 'базу данных'),
(676, 1, 'Interface texts don`t contain texts with the following codes'),
(676, 2, 'Тексты интерфейса не содержат текстов со следующими кодами'),
(677, 1, 'for main language'),
(677, 2, 'для основного языка'),
(678, 1, 'result level in file path'),
(678, 2, 'уровень результата в полном имени файла'),
(679, 1, 'delete from source file path'),
(679, 2, 'удалять из полного имени файла'),
(680, 1, 'result begin delimiter'),
(680, 2, 'начальный ограничитель результата'),
(681, 1, 'delimiter number in source file path'),
(681, 2, 'номер ограничителя в исходном имени файла'),
(682, 1, 'include into reference to catalog'),
(682, 2, 'включать в ссылку на справочник'),
(683, 1, 'result inner delimiter'),
(683, 2, 'внутренний ограничитель результата'),
(684, 1, 'result end delimiter'),
(684, 2, 'конечный ограничитель результата');
INSERT INTO `interface_texts` (`id_title`, `id_language`, `title_text`) VALUES
(685, 1, 'for reference to catalog only'),
(685, 2, 'только для ссылки на справочник'),
(686, 1, 'delete regular expression from source file path'),
(686, 2, 'удалять регулярное выражение из исходного имени файла'),
(687, 1, 'deleted symbol set'),
(687, 2, 'удаляемый набор символов'),
(688, 1, 'inserted symbol set'),
(688, 2, 'вставляемый набор символов'),
(689, 1, 'copy algorithm'),
(689, 2, 'копировать алгоритм'),
(690, 1, 'parse algorithm'),
(690, 2, 'синтаксический разбор алгоритма'),
(691, 1, 'Add new algorithm'),
(691, 2, 'Добавить новый алгоритм'),
(692, 1, 'this algorithm'),
(692, 2, 'этот алгоритм'),
(693, 1, 'these algorithms'),
(693, 2, 'эти алгоритмы'),
(694, 1, 'Changes in codings are saved'),
(694, 2, 'Изменения в кодировках сохранены'),
(695, 1, 'Reference to it'),
(695, 2, 'Ссылка на нее'),
(696, 1, 'References to it'),
(696, 2, 'Ссылки на нее'),
(697, 1, 'had'),
(697, 2, 'имела'),
(698, 1, 'coding identifier must be a non-negative integer'),
(698, 2, 'идентификатор кодировки должен быть целым неотрицательным числом'),
(699, 1, 'not filled'),
(699, 2, 'не заполнена'),
(700, 1, 'this'),
(700, 2, 'эта'),
(701, 1, 'will be deleted'),
(701, 2, 'будет удалена'),
(702, 1, 'this coding'),
(702, 2, 'эту кодировку'),
(703, 1, 'these codings'),
(703, 2, 'эти кодировки'),
(704, 1, 'replace '),
(704, 2, 'заменить'),
(705, 1, 'definition of'),
(705, 2, 'определения'),
(706, 1, 'tables'),
(706, 2, 'таблиц'),
(707, 1, 'the table'),
(707, 2, 'в таблице'),
(708, 1, 'haven`t'),
(708, 2, 'нет'),
(709, 1, 'The data base'),
(709, 2, 'В базе данных'),
(710, 1, 'Mandatory table'),
(710, 2, 'Обязательная таблица'),
(711, 1, 'Mandatory tables'),
(711, 2, 'Обязательные таблицы'),
(712, 1, 'was added automatically'),
(712, 2, 'добавлены автоматически'),
(713, 1, 'missing numeric value'),
(713, 2, 'отсутствует числовое значение'),
(714, 1, 'incorrect unit of measurement'),
(714, 2, 'неверная единица измерения');

-- --------------------------------------------------------

--
-- Table structure for table `languages`
--

CREATE TABLE `languages` (
  `id_language` int(2) NOT NULL,
  `language` varchar(255) CHARACTER SET utf8 COLLATE utf8_bin DEFAULT NULL
) ENGINE=InnoDB DEFAULT CHARSET=utf8;

--
-- Dumping data for table `languages`
--

INSERT INTO `languages` (`id_language`, `language`) VALUES
(0, '(special)'),
(1, 'English'),
(2, 'Русский'),
(3, 'עברית');

-- --------------------------------------------------------

--
-- Table structure for table `translate_table`
--

CREATE TABLE `translate_table` (
  `id_coding` int(2) NOT NULL,
  `id_lang` int(2) NOT NULL,
  `letter` char(1) CHARACTER SET utf8 COLLATE utf8_bin NOT NULL,
  `translit_letters` varchar(255) CHARACTER SET utf8 COLLATE utf8_bin NOT NULL
) ENGINE=InnoDB DEFAULT CHARSET=utf8;

--
-- Dumping data for table `translate_table`
--

INSERT INTO `translate_table` (`id_coding`, `id_lang`, `letter`, `translit_letters`) VALUES
(1, 0, '¡', ''),
(1, 0, '¢', ''),
(1, 0, '£', ''),
(1, 0, '¤', ''),
(1, 0, '¥', ''),
(1, 0, '¦', ''),
(1, 0, '§', ''),
(1, 0, '©', ''),
(1, 0, 'ª', ''),
(1, 0, '«', ''),
(1, 0, '¬', ''),
(1, 0, '­', ''),
(1, 0, '®', ''),
(1, 0, '¯', ''),
(1, 0, '°', ''),
(1, 0, '±', ''),
(1, 0, '²', ''),
(1, 0, '³', ''),
(1, 0, '´', ''),
(1, 0, 'µ', ''),
(1, 0, '¶', ''),
(1, 0, '·', ''),
(1, 0, '¹', ''),
(1, 0, 'º', ''),
(1, 0, '»', ''),
(1, 0, '¼', ''),
(1, 0, '½', ''),
(1, 0, '¾', ''),
(1, 0, '¿', ''),
(1, 0, 'Œ', ''),
(1, 0, 'œ', ''),
(1, 0, 'Š', ''),
(1, 0, 'š', ''),
(1, 0, 'Ÿ', ''),
(1, 0, 'Ž', ''),
(1, 0, 'ž', ''),
(1, 0, 'ˆ', ''),
(1, 0, '˜', ''),
(1, 2, 'Ё', 'Yo'),
(2, 2, 'Ё', '2m'),
(1, 2, 'А', 'A'),
(2, 2, 'А', '2h'),
(1, 2, 'Б', 'B'),
(2, 2, 'Б', '2i'),
(1, 2, 'В', 'V|W'),
(2, 2, 'В', '2j'),
(1, 2, 'Г', 'G'),
(2, 2, 'Г', '2k'),
(1, 2, 'Д', 'D'),
(2, 2, 'Д', '2l'),
(1, 2, 'Е', 'E'),
(2, 2, 'Е', '2m'),
(1, 2, 'Ж', 'Zh'),
(2, 2, 'Ж', '2o'),
(1, 2, 'З', 'Z'),
(2, 2, 'З', '2p'),
(1, 2, 'И', 'I'),
(2, 2, 'И', '2q'),
(1, 2, 'Й', 'Y|J'),
(2, 2, 'Й', '2r'),
(1, 2, 'К', 'K'),
(2, 2, 'К', '2s'),
(1, 2, 'Л', 'L'),
(2, 2, 'Л', '2t'),
(1, 2, 'М', 'M'),
(2, 2, 'М', '2u'),
(1, 2, 'Н', 'N'),
(2, 2, 'Н', '2v'),
(1, 2, 'О', 'O'),
(2, 2, 'О', '2w'),
(1, 2, 'П', 'P'),
(2, 2, 'П', '2x'),
(1, 2, 'Р', 'R'),
(2, 2, 'Р', '2y'),
(1, 2, 'С', 'S'),
(2, 2, 'С', '2z'),
(1, 2, 'Т', 'T'),
(2, 2, 'Т', '3a'),
(1, 2, 'У', 'U'),
(2, 2, 'У', '3b'),
(1, 2, 'Ф', 'F'),
(2, 2, 'Ф', '3c'),
(1, 2, 'Х', 'Kh'),
(2, 2, 'Х', '3d'),
(1, 2, 'Ц', 'Ts'),
(2, 2, 'Ц', '3e'),
(1, 2, 'Ч', 'Ch'),
(2, 2, 'Ч', '3f'),
(1, 2, 'Ш', 'Sh'),
(2, 2, 'Ш', '3g'),
(1, 2, 'Щ', 'Shch'),
(2, 2, 'Щ', '3h'),
(1, 2, 'Ъ', '»'),
(1, 2, 'Ы', 'Y'),
(2, 2, 'Ы', '3j'),
(1, 2, 'Ь', '‘'),
(1, 2, 'Э', 'E'),
(2, 2, 'Э', '3l'),
(1, 2, 'Ю', 'Yu'),
(2, 2, 'Ю', '3m'),
(1, 2, 'Я', 'Ya'),
(2, 2, 'Я', '3n'),
(1, 2, 'а', 'a'),
(2, 2, 'а', '1a'),
(1, 2, 'б', 'b'),
(2, 2, 'б', '1b'),
(1, 2, 'в', 'v'),
(2, 2, 'в', '1c'),
(1, 2, 'г', 'g'),
(2, 2, 'г', '1d'),
(1, 2, 'д', 'd'),
(2, 2, 'д', '1e'),
(1, 2, 'е', 'e'),
(2, 2, 'е', '1f'),
(1, 2, 'ж', 'zh'),
(2, 2, 'ж', '1h'),
(1, 2, 'з', 'z'),
(2, 2, 'з', '1i'),
(1, 2, 'и', 'i'),
(2, 2, 'и', '1j'),
(1, 2, 'й', 'y|j'),
(2, 2, 'й', '1k'),
(1, 2, 'к', 'k'),
(2, 2, 'к', '3n'),
(1, 2, 'л', 'l'),
(2, 2, 'л', '1m'),
(1, 2, 'м', 'm'),
(2, 2, 'м', '1n'),
(1, 2, 'н', 'n'),
(2, 2, 'н', '1o'),
(1, 2, 'о', 'o'),
(2, 2, 'о', '1p'),
(1, 2, 'п', 'p'),
(2, 2, 'п', '1q'),
(1, 2, 'р', 'r'),
(2, 2, 'р', '1r'),
(1, 2, 'с', 's'),
(2, 2, 'с', '1s'),
(1, 2, 'т', 't'),
(2, 2, 'т', '1t'),
(1, 2, 'у', 'u'),
(2, 2, 'у', '1u'),
(1, 2, 'ф', 'f'),
(2, 2, 'ф', '1v'),
(1, 2, 'х', 'kh'),
(2, 2, 'х', '1w'),
(1, 2, 'ц', 'ts'),
(2, 2, 'ц', '1x'),
(1, 2, 'ч', 'ch'),
(2, 2, 'ч', '1y'),
(1, 2, 'ш', 'sh'),
(2, 2, 'ш', '1z'),
(1, 2, 'щ', 'shch'),
(2, 2, 'щ', '2a'),
(1, 2, 'ъ', '»'),
(2, 2, 'ъ', '2b'),
(1, 2, 'ы', 'y'),
(2, 2, 'ы', '2c'),
(1, 2, 'ь', '‘'),
(2, 2, 'ь', '2d'),
(1, 2, 'э', 'e'),
(2, 2, 'э', '2e'),
(1, 2, 'ю', 'ju'),
(2, 2, 'ю', '2f'),
(1, 2, 'я', 'ja'),
(2, 2, 'я', '2g'),
(1, 2, 'ё', 'jo'),
(2, 2, 'ё', '1g'),
(1, 3, 'א', 'a'),
(1, 3, 'ב', 'b'),
(1, 3, 'ג', 'g'),
(1, 3, 'ד', 'd'),
(1, 3, 'ה', 'ha'),
(1, 3, 'ו', 'v'),
(1, 3, 'ז', 'z'),
(1, 3, 'ח', 'kh'),
(1, 3, 'ט', 't'),
(1, 3, 'י', 'i'),
(1, 3, 'ך', 'k|h'),
(1, 3, 'כ', 'k|h'),
(1, 3, 'ל', 'l'),
(1, 3, 'ם', 'm'),
(1, 3, 'מ', 'm'),
(1, 3, 'ן', 'n'),
(1, 3, 'נ', 'n'),
(1, 3, 'ס', 's'),
(1, 3, 'ע', 'a|e'),
(1, 3, 'ף', 'p|f'),
(1, 3, 'פ', 'p|f'),
(1, 3, 'צ', 'ts'),
(1, 3, 'ק', 'k'),
(1, 3, 'ר', 'r'),
(1, 3, 'ש', 'sh'),
(1, 3, 'ת', 't'),
(1, 0, '–', ''),
(1, 0, '—', ''),
(1, 0, '‘', ''),
(1, 0, '’', ''),
(1, 0, '“', ''),
(1, 0, '”', ''),
(1, 0, '†', ''),
(1, 0, '‡', ''),
(1, 0, '•', ''),
(1, 0, '…', ''),
(1, 0, '‰', ''),
(1, 0, '‹', ''),
(1, 0, '›', ''),
(1, 0, '№', ''),
(1, 0, '™', '');

-- --------------------------------------------------------

--
-- Table structure for table `user_ident`
--

CREATE TABLE `user_ident` (
  `id_user` int(11) NOT NULL,
  `name` varchar(255) CHARACTER SET utf8 COLLATE utf8_bin DEFAULT NULL,
  `pass` varchar(255) CHARACTER SET utf8 COLLATE utf8_bin DEFAULT NULL,
  `user_priority` int(2) NOT NULL DEFAULT '0',
  `use_lang_id` int(2) NOT NULL,
  `user_list_portion` int(3) NOT NULL DEFAULT '10',
  `preffered_db` int(2) DEFAULT NULL,
  `date_format` char(4) CHARACTER SET utf8 COLLATE utf8_bin NOT NULL DEFAULT '.dmy',
  `hide_list` int(1) NOT NULL DEFAULT '0',
  `match_case` int(1) NOT NULL DEFAULT '0'
) ENGINE=InnoDB DEFAULT CHARSET=utf8;

--
-- Dumping data for table `user_ident`
--

INSERT INTO `user_ident` (`id_user`, `name`, `pass`, `user_priority`, `use_lang_id`, `user_list_portion`, `preffered_db`, `date_format`, `hide_list`, `match_case`) VALUES
(1, 'bob', '123321', 99, 1, 21, NULL, '.ymd', 0, 0),
(4, 'goga', '345543', 77, 1, 6, NULL, '.dmy', 0, 1),
(5, 'gogosh', '56789321', 1, 1, 13, NULL, '.dmy', 0, 0),
(8, 'victory', '456654', 99, 3, 12, 1, '.dmy', 0, 0),
(9, 'magoga', '567765', 7, 1, 12, NULL, '.dmy', 0, 0),
(10, '_10', '#####10', 0, 2, 9, NULL, '.dmy', 0, 0),
(11, '110', '#####11', 1, 1, 10, NULL, '.dmy', 0, 0),
(14, 'w05', '2222222', 15, 1, 10, NULL, '.dmy', 0, 0),
(17, 'babj', '55555555', 1, 1, 10, 2, '.dmy', 0, 0),
(18, 'h htf', 'oytwery', 1, 2, 10, NULL, '.ymd', 0, 0),
(19, 'nununu', '234432', 11, 2, 10, 1, '.dmy', 0, 0),
(20, 'vvv', '789987', 1, 2, 10, 1, '.ymd', 0, 0),
(24, 'qqww24', '12344321123', 1, 2, 10, 2, '.dmy', 0, 0),
(100, 'www', '678876', 13, 1, 33, NULL, '.dmy', 0, 0),
(101, '_101', '#####101', 0, 3, 10, NULL, '.ymd', 1, 0),
(102, '_102', '#####102', 0, 3, 33, NULL, '.dmy', 0, 0),
(103, 'xxx', '44888888', 1, 1, 33, NULL, '.dmy', 0, 0),
(205, 'opi87hg', 'qqwq$$089756', 1, 1, 33, NULL, '.dmy', 0, 0),
(206, 'op98765f', 'qqwqqqwqqq', 1, 2, 33, NULL, ' dmy', 0, 0),
(207, 'opuuuyt', 'lalaqw', 1, 2, 33, NULL, '.ymd', 0, 0),
(208, 'opjhdt', 'lal&^%2565$#', 1, 1, 33, NULL, '.dmy', 1, 0),
(209, 'trata', 'lololo2565', 1, 2, 33, NULL, '.dmy', 0, 0),
(210, '_210', '#####210', 0, 2, 33, NULL, '.dmy', 0, 0),
(211, '_211', '#####211', 0, 2, 10, NULL, '.dmy', 0, 1),
(1001, 'g1g', 'jkjhghtr', 1, 2, 10, 2, '.dmy', 0, 0),
(1005, 'h5h', 'hgtryyyyyuy', 1, 3, 10, NULL, '.dmy', 0, 0),
(1007, 'h7h', 'desjkuhgfre', 1, 1, 10, NULL, '.dmy', 0, 0),
(1008, 'h8h', '8888888888', 1, 3, 10, NULL, '.dmy', 0, 0),
(1009, 'h9h', '9999999999', 1, 3, 20, NULL, '.dmy', 0, 0),
(1010, 'h10h', '101010101010', 1, 3, 10, NULL, '.dmy', 0, 0),
(1011, 'h11h', 'h1111111h', 1, 2, 10, 2, '.dmy', 0, 0),
(1012, 'h12h', 'h121212h', 1, 1, 10, NULL, '.dmy', 1, 0),
(1013, 'h13h', 'h131313h', 1, 3, 10, NULL, '.dmy', 0, 0),
(1602, 'qwerbool', 'qqq43212345', 7, 3, 20, NULL, '.dmy', 1, 0),
(1603, 'uuuuuu', '77777777', 1, 1, 10, NULL, '.dmy', 0, 0),
(1900, 'zzzzzzz', '12345678912', 1, 2, 10, NULL, '.dmy', 0, 0),
(2000, 'broqol', 'kjhgfdsasd', 55, 1, 17, NULL, '.dmy', 0, 0),
(2001, 'bhjjh', 'kjhg66fdsas', 1, 3, 10, NULL, '.dmy', 0, 0),
(2002, 'hxxjjh', 'kjxx66fdsas', 1, 1, 10, NULL, '.dmy', 0, 0),
(2003, 'hyyjjh', 'kjyy66fdsas', 1, 1, 10, NULL, '.dmy', 0, 0),
(2004, 'hwwjjh', 'kjww66fdsas', 1, 1, 10, NULL, '(dmy', 0, 0),
(2005, 'hqqjjh', 'kjqq66fdsas', 1, 1, 10, NULL, '.dmy', 0, 0),
(2006, 'hlljjh', 'kjll66fdsas', 1, 1, 10, NULL, '.dmy', 0, 0),
(2007, 'hoojjh', 'kjoo66fdsas', 1, 1, 10, NULL, '.dmy', 0, 1),
(2008, 'kjhgt', 'hhhhhhhhhhh', 1, 1, 10, NULL, '.dmy', 0, 0),
(2009, 'kihgt', 'ggggggggggg', 1, 1, 10, NULL, '.dmy', 0, 0),
(3000, 'gora', '12300321', 88, 1, 10, NULL, '.dmy', 0, 0);

-- --------------------------------------------------------

--
-- Table structure for table `visits`
--

CREATE TABLE `visits` (
  `id_db` int(3) NOT NULL,
  `id_user` int(11) NOT NULL,
  `work_start` datetime NOT NULL,
  `visit_count` int(11) NOT NULL,
  `working_mode` int(1) NOT NULL DEFAULT '0',
  `visit_session` varchar(255) CHARACTER SET utf8 COLLATE utf8_bin NOT NULL,
  `rest_time` int(4) NOT NULL DEFAULT '0'
) ENGINE=InnoDB DEFAULT CHARSET=utf8;

--
-- Dumping data for table `visits`
--

INSERT INTO `visits` (`id_db`, `id_user`, `work_start`, `visit_count`, `working_mode`, `visit_session`, `rest_time`) VALUES
(0, 1, '0000-00-00 00:00:00', 6264, -1, '', 0),
(0, 4, '0000-00-00 00:00:00', 1, -1, '', 0),
(0, 3000, '0000-00-00 00:00:00', 1, -1, '', 0),
(1, 1, '0000-00-00 00:00:00', 97, -1, '', 0),
(1, 5, '0000-00-00 00:00:00', 16, -1, '', 0),
(2, 1, '0000-00-00 00:00:00', 9, -1, '', 0),
(2, 4, '0000-00-00 00:00:00', 15, -1, '', 0),
(2, 5, '0000-00-00 00:00:00', 3, -1, '', 0),
(2, 3000, '0000-00-00 00:00:00', 1, -1, '', 0),
(4, 1, '0000-00-00 00:00:00', 37, -1, '', 0);

--
-- Indexes for dumped tables
--

--
-- Indexes for table `algorithms`
--
ALTER TABLE `algorithms`
  ADD PRIMARY KEY (`id_algorithm`),
  ADD UNIQUE KEY `id_algorithm` (`id_algorithm`);

--
-- Indexes for table `coding_table`
--
ALTER TABLE `coding_table`
  ADD PRIMARY KEY (`id_coding`),
  ADD UNIQUE KEY `id_coding` (`id_coding`),
  ADD UNIQUE KEY `coding_name` (`coding_name`);

--
-- Indexes for table `db_list`
--
ALTER TABLE `db_list`
  ADD PRIMARY KEY (`db_id`),
  ADD UNIQUE KEY `db_id` (`db_id`),
  ADD UNIQUE KEY `db_name` (`db_name`);

--
-- Indexes for table `db_s_configs`
--
ALTER TABLE `db_s_configs`
  ADD PRIMARY KEY (`config_name`),
  ADD UNIQUE KEY `config_name` (`config_name`);

--
-- Indexes for table `interface_special_texts`
--
ALTER TABLE `interface_special_texts`
  ADD UNIQUE KEY `special_type` (`special_type`);

--
-- Indexes for table `interface_texts`
--
ALTER TABLE `interface_texts`
  ADD UNIQUE KEY `title_key` (`id_title`,`id_language`);

--
-- Indexes for table `languages`
--
ALTER TABLE `languages`
  ADD PRIMARY KEY (`id_language`),
  ADD UNIQUE KEY `id_language` (`id_language`),
  ADD UNIQUE KEY `language` (`language`);

--
-- Indexes for table `translate_table`
--
ALTER TABLE `translate_table`
  ADD UNIQUE KEY `translate_key` (`letter`,`id_coding`);

--
-- Indexes for table `user_ident`
--
ALTER TABLE `user_ident`
  ADD PRIMARY KEY (`id_user`),
  ADD UNIQUE KEY `id_user` (`id_user`),
  ADD UNIQUE KEY `name` (`name`),
  ADD UNIQUE KEY `pass` (`pass`);

--
-- Indexes for table `visits`
--
ALTER TABLE `visits`
  ADD UNIQUE KEY `db_user` (`id_db`,`id_user`) USING BTREE;

--
-- AUTO_INCREMENT for dumped tables
--

--
-- AUTO_INCREMENT for table `algorithms`
--
ALTER TABLE `algorithms`
  MODIFY `id_algorithm` int(11) NOT NULL AUTO_INCREMENT, AUTO_INCREMENT=27;
--
-- AUTO_INCREMENT for table `user_ident`
--
ALTER TABLE `user_ident`
  MODIFY `id_user` int(11) NOT NULL AUTO_INCREMENT, AUTO_INCREMENT=3001;COMMIT;

/*!40101 SET CHARACTER_SET_CLIENT=@OLD_CHARACTER_SET_CLIENT */;
/*!40101 SET CHARACTER_SET_RESULTS=@OLD_CHARACTER_SET_RESULTS */;
/*!40101 SET COLLATION_CONNECTION=@OLD_COLLATION_CONNECTION */;
